200828_i061770.jpeg,"Twin Mountain Rock Venture, Cinder Road, Coso, Inyo County, 加利福尼亚州/加利福尼亞州, 美利坚合众国/美利堅合眾國",2020:08:28 18:46:26,/Users/lewaylee/Projects/grab-image/source/200828_i061770.jpeg
200827_i011708.jpeg,"Arch Loop Trail, Inyo County, CAL Fire Southern Region, 加利福尼亚州/加利福尼亞州, 美利坚合众国/美利堅合眾國",2020:08:28 18:46:20,/Users/lewaylee/Projects/grab-image/source/200827_i011708.jpeg
200827_i011728.jpeg,"Arch Loop Trail, Inyo County, CAL Fire Southern Region, 加利福尼亚州/加利福尼亞州, 美利坚合众国/美利堅合眾國",2020:08:27 19:24:47,/Users/lewaylee/Projects/grab-image/source/200827_i011728.jpeg
IMG_3272.jpeg,"中国电子大厦B座, 海淀中街, 科源社区, 海淀街道, 海淀区, 100872, 中国",2020:08:27 12:25:18,/Users/lewaylee/Projects/grab-image/source/IMG_3272.jpeg
IMG_3269.jpeg,"京良路, 长阳镇, 房山区, 北京市, 102445, 中国",2020:08:27 07:11:26,/Users/lewaylee/Projects/grab-image/source/IMG_3269.jpeg
IMG_3268.jpeg,"京良路, 长阳镇, 房山区, 北京市, 102445, 中国",2020:08:27 07:10:12,/Users/lewaylee/Projects/grab-image/source/IMG_3268.jpeg
IMG_3253.jpeg,"京良路, 长阳镇, 房山区, 北京市, 102445, 中国",2020:08:23 15:59:17,/Users/lewaylee/Projects/grab-image/source/IMG_3253.jpeg
IMG_3252.jpeg,"京良路, 长阳镇, 房山区, 北京市, 102445, 中国",2020:08:23 15:59:09,/Users/lewaylee/Projects/grab-image/source/IMG_3252.jpeg
IMG_3245.jpeg,,2020:08:20 17:07:34,/Users/lewaylee/Projects/grab-image/source/IMG_3245.jpeg
IMG_3244.jpeg,,2020:08:20 11:29:26,/Users/lewaylee/Projects/grab-image/source/IMG_3244.jpeg
IMG_3243.jpeg,"京良路, 长阳镇, 房山区, 北京市, 102445, 中国",2020:08:19 21:20:44,/Users/lewaylee/Projects/grab-image/source/IMG_3243.jpeg
IMG_3209.jpeg,"京良路, 长阳镇, 房山区, 北京市, 102445, 中国",2020:08:15 09:55:21,/Users/lewaylee/Projects/grab-image/source/IMG_3209.jpeg
IMG_3205.jpeg,"京良路, 长阳镇, 房山区, 北京市, 102445, 中国",2020:08:14 08:27:02,/Users/lewaylee/Projects/grab-image/source/IMG_3205.jpeg
IMG_3204.jpeg,,2020:08:13 16:55:44,/Users/lewaylee/Projects/grab-image/source/IMG_3204.jpeg
IMG_3202.jpeg,"丹棱街, 稻香园南社区, 海淀街道, 海淀区, 100080, 中国",2020:08:13 15:58:25,/Users/lewaylee/Projects/grab-image/source/IMG_3202.jpeg
IMG_3182.jpeg,,2020:08:13 12:03:26,/Users/lewaylee/Projects/grab-image/source/IMG_3182.jpeg
IMG_3161.jpeg,,2020:08:10 22:17:23,/Users/lewaylee/Projects/grab-image/source/IMG_3161.jpeg
IMG_3160.jpeg,,2020:08:10 17:59:14,/Users/lewaylee/Projects/grab-image/source/IMG_3160.jpeg
IMG_3156.jpeg,,2020:08:09 17:17:48,/Users/lewaylee/Projects/grab-image/source/IMG_3156.jpeg
RenderedImage.jpeg,,2020:08:08 09:35:02,/Users/lewaylee/Projects/grab-image/source/RenderedImage.jpeg
IMG_3150.jpeg,"京良路, 长阳镇, 房山区, 北京市, 102445, 中国",2020:08:07 07:41:17,/Users/lewaylee/Projects/grab-image/source/IMG_3150.jpeg
IMG_3141.jpeg,,2020:08:04 14:41:11,/Users/lewaylee/Projects/grab-image/source/IMG_3141.jpeg
IMG_3140.jpeg,,2020:08:04 14:41:06,/Users/lewaylee/Projects/grab-image/source/IMG_3140.jpeg
IMG_3121.jpeg,,2020:08:03 16:05:50,/Users/lewaylee/Projects/grab-image/source/IMG_3121.jpeg
IMG_3120.jpeg,,2020:08:03 16:05:45,/Users/lewaylee/Projects/grab-image/source/IMG_3120.jpeg
IMG_3117.jpeg,,2020:08:03 16:05:10,/Users/lewaylee/Projects/grab-image/source/IMG_3117.jpeg
IMG_3116.jpeg,,2020:08:03 16:04:48,/Users/lewaylee/Projects/grab-image/source/IMG_3116.jpeg
IMG_3100.jpeg,"丰宁满族自治县, 承德市, 河北省, 中国",2020:08:01 10:46:31,/Users/lewaylee/Projects/grab-image/source/IMG_3100.jpeg
IMG_3086.jpeg,"丰宁满族自治县, 承德市, 河北省, 中国",2020:08:01 10:46:24,/Users/lewaylee/Projects/grab-image/source/IMG_3086.jpeg
IMG_3073.jpeg,"丰宁满族自治县, 承德市, 河北省, 中国",2020:08:01 10:46:11,/Users/lewaylee/Projects/grab-image/source/IMG_3073.jpeg
IMG_3052.jpeg,"丰宁满族自治县, 承德市, 河北省, 中国",2020:08:01 10:42:40,/Users/lewaylee/Projects/grab-image/source/IMG_3052.jpeg
IMG_3042.jpeg,"丰宁满族自治县, 承德市, 河北省, 中国",2020:08:01 10:42:08,/Users/lewaylee/Projects/grab-image/source/IMG_3042.jpeg
IMG_3032.jpeg,"丰宁满族自治县, 承德市, 河北省, 中国",2020:08:01 10:41:58,/Users/lewaylee/Projects/grab-image/source/IMG_3032.jpeg
IMG_3028.jpeg,"丰宁满族自治县, 承德市, 河北省, 中国",2020:08:01 10:40:38,/Users/lewaylee/Projects/grab-image/source/IMG_3028.jpeg
IMG_3008.jpeg,"丰宁满族自治县, 承德市, 河北省, 中国",2020:08:01 10:32:08,/Users/lewaylee/Projects/grab-image/source/IMG_3008.jpeg
IMG_3005.jpeg,"丰宁满族自治县, 承德市, 河北省, 中国",2020:08:01 10:31:34,/Users/lewaylee/Projects/grab-image/source/IMG_3005.jpeg
IMG_3004.jpeg,"丰宁满族自治县, 承德市, 河北省, 中国",2020:08:01 10:31:29,/Users/lewaylee/Projects/grab-image/source/IMG_3004.jpeg
IMG_3003.jpeg,"丰宁满族自治县, 承德市, 河北省, 中国",2020:08:01 10:31:24,/Users/lewaylee/Projects/grab-image/source/IMG_3003.jpeg
IMG_2971.jpeg,"G95, 丰宁满族自治县, 承德市, 河北省, 中国",2020:08:01 09:16:48,/Users/lewaylee/Projects/grab-image/source/IMG_2971.jpeg
IMG_2926.jpeg,"丰宁满族自治县, 承德市, 河北省, 中国",2020:08:01 08:34:47,/Users/lewaylee/Projects/grab-image/source/IMG_2926.jpeg
IMG_2911.jpeg,"丰宁满族自治县, 承德市, 河北省, 中国",2020:08:01 08:29:54,/Users/lewaylee/Projects/grab-image/source/IMG_2911.jpeg
IMG_2897.jpeg,"丰宁满族自治县, 承德市, 河北省, 中国",2020:08:01 08:18:44,/Users/lewaylee/Projects/grab-image/source/IMG_2897.jpeg
IMG_2896.jpeg,"丰宁满族自治县, 承德市, 河北省, 中国",2020:08:01 08:18:24,/Users/lewaylee/Projects/grab-image/source/IMG_2896.jpeg
IMG_2887.jpeg,"丰宁满族自治县, 承德市, 河北省, 中国",2020:08:01 08:17:03,/Users/lewaylee/Projects/grab-image/source/IMG_2887.jpeg
IMG_2875.jpeg,"丰宁满族自治县, 承德市, 河北省, 中国",2020:08:01 08:01:02,/Users/lewaylee/Projects/grab-image/source/IMG_2875.jpeg
IMG_2874.jpeg,"丰宁满族自治县, 承德市, 河北省, 中国",2020:08:01 08:00:53,/Users/lewaylee/Projects/grab-image/source/IMG_2874.jpeg
IMG_2868.jpeg,"国家统计局, 太平桥西路, 太平桥南里社区, 太平桥村, 丰台区, 100073, 中国",2020:07:31 19:56:26,/Users/lewaylee/Projects/grab-image/source/IMG_2868.jpeg
IMG_2859.jpeg,,2020:07:31 14:25:01,/Users/lewaylee/Projects/grab-image/source/IMG_2859.jpeg
IMG_2855.jpeg,"京良路, 长阳镇, 房山区, 北京市, 102445, 中国",2020:07:31 08:38:12,/Users/lewaylee/Projects/grab-image/source/IMG_2855.jpeg
IMG_2852.jpeg,"京良路, 长阳镇, 房山区, 北京市, 102445, 中国",2020:07:30 15:05:10,/Users/lewaylee/Projects/grab-image/source/IMG_2852.jpeg
200827i061429.jpeg,"Lathe Arch, Arch Loop Trail, CAL Fire San Bernardino Unit, CAL Fire Southern Region, 加利福尼亚州/加利福尼亞州, 美利坚合众国/美利堅合眾國",2020:08:27 06:23:45,/Users/lewaylee/Projects/grab-image/source/200827i061429.jpeg
IMG_3258.jpeg,"京良路, 长阳镇, 房山区, 北京市, 102445, 中国",2020:08:24 08:32:52,/Users/lewaylee/Projects/grab-image/source/IMG_3258.jpeg
IMG_3242.jpeg,"京良路, 长阳镇, 房山区, 北京市, 102445, 中国",2020:08:19 21:20:42,/Users/lewaylee/Projects/grab-image/source/IMG_3242.jpeg
IMG_3241.jpeg,"京良路, 长阳镇, 房山区, 北京市, 102445, 中国",2020:08:19 21:20:39,/Users/lewaylee/Projects/grab-image/source/IMG_3241.jpeg
IMG_3240.jpeg,"京良路, 长阳镇, 房山区, 北京市, 102445, 中国",2020:08:19 21:20:37,/Users/lewaylee/Projects/grab-image/source/IMG_3240.jpeg
IMG_3172.jpeg,"京良路, 长阳镇, 房山区, 北京市, 102445, 中国",2020:08:12 08:06:27,/Users/lewaylee/Projects/grab-image/source/IMG_3172.jpeg
IMG_3171.jpeg,,2020:08:12 07:46:39,/Users/lewaylee/Projects/grab-image/source/IMG_3171.jpeg
IMG_3169.jpeg,"领展购物广场·中关村, 中关村广场步行街, 中关村, 中关村街道, 海淀区, 北京市, 100086, 中国",2020:08:11 19:28:19,/Users/lewaylee/Projects/grab-image/source/IMG_3169.jpeg
IMG_3168.jpeg,"领展购物广场·中关村, 中关村广场步行街, 中关村, 中关村街道, 海淀区, 北京市, 100086, 中国",2020:08:11 19:28:11,/Users/lewaylee/Projects/grab-image/source/IMG_3168.jpeg
IMG_3167.jpeg,"中8楼, 中关村购物广场, 科春社区, 海淀街道, 海淀区, 100872, 中国",2020:08:11 18:18:25,/Users/lewaylee/Projects/grab-image/source/IMG_3167.jpeg
IMG_3166.jpeg,"中8楼, 中关村购物广场, 科春社区, 海淀街道, 海淀区, 100872, 中国",2020:08:11 18:18:23,/Users/lewaylee/Projects/grab-image/source/IMG_3166.jpeg
IMG_3165.jpeg,"中8楼, 中关村购物广场, 科春社区, 海淀街道, 海淀区, 100872, 中国",2020:08:11 18:18:20,/Users/lewaylee/Projects/grab-image/source/IMG_3165.jpeg
IMG_3164.jpeg,"领展购物广场·中关村, 中关村广场步行街, 中关村, 中关村街道, 海淀区, 北京市, 100086, 中国",2020:08:11 18:18:16,/Users/lewaylee/Projects/grab-image/source/IMG_3164.jpeg
IMG_3151.jpeg,"京良路, 长阳镇, 房山区, 北京市, 102445, 中国",2020:08:07 07:41:24,/Users/lewaylee/Projects/grab-image/source/IMG_3151.jpeg
IMG_3149.jpeg,,2020:08:06 15:45:54,/Users/lewaylee/Projects/grab-image/source/IMG_3149.jpeg
IMG_3148.jpeg,,2020:08:06 15:30:50,/Users/lewaylee/Projects/grab-image/source/IMG_3148.jpeg
IMG_3147.jpeg,,2020:08:05 22:18:56,/Users/lewaylee/Projects/grab-image/source/IMG_3147.jpeg
IMG_3146.jpeg,"丹棱街, 稻香园南社区, 海淀街道, 海淀区, 100080, 中国",2020:08:05 16:47:30,/Users/lewaylee/Projects/grab-image/source/IMG_3146.jpeg
IMG_3144.jpeg,,2020:08:05 09:13:44,/Users/lewaylee/Projects/grab-image/source/IMG_3144.jpeg
IMG_3130.jpeg,,2020:08:03 20:19:27,/Users/lewaylee/Projects/grab-image/source/IMG_3130.jpeg
IMG_3129.jpeg,,2020:08:03 20:13:23,/Users/lewaylee/Projects/grab-image/source/IMG_3129.jpeg
IMG_3127.jpeg,,2020:08:03 16:10:09,/Users/lewaylee/Projects/grab-image/source/IMG_3127.jpeg
IMG_3126.jpeg,,2020:08:03 16:09:22,/Users/lewaylee/Projects/grab-image/source/IMG_3126.jpeg
IMG_3124.jpeg,,2020:08:03 16:06:44,/Users/lewaylee/Projects/grab-image/source/IMG_3124.jpeg
IMG_3111.jpeg,"沽源县, 张家口市, 河北省, 中国",2020:08:02 08:27:33,/Users/lewaylee/Projects/grab-image/source/IMG_3111.jpeg
IMG_3108.jpeg,"半虎公路, 丰宁满族自治县, 承德市, 河北省, 中国",2020:08:01 15:57:35,/Users/lewaylee/Projects/grab-image/source/IMG_3108.jpeg
IMG_3106.jpeg,"半虎公路, 丰宁满族自治县, 承德市, 河北省, 中国",2020:08:01 13:26:39,/Users/lewaylee/Projects/grab-image/source/IMG_3106.jpeg
IMG_3063.jpeg,"丰宁满族自治县, 承德市, 河北省, 中国",2020:08:01 10:45:43,/Users/lewaylee/Projects/grab-image/source/IMG_3063.jpeg
IMG_3002.jpeg,"丰宁满族自治县, 承德市, 河北省, 中国",2020:08:01 10:31:18,/Users/lewaylee/Projects/grab-image/source/IMG_3002.jpeg
IMG_3001.jpeg,"丰宁满族自治县, 承德市, 河北省, 中国",2020:08:01 10:31:12,/Users/lewaylee/Projects/grab-image/source/IMG_3001.jpeg
IMG_2999.jpeg,"丰宁满族自治县, 承德市, 河北省, 中国",2020:08:01 10:30:58,/Users/lewaylee/Projects/grab-image/source/IMG_2999.jpeg
IMG_2998.jpeg,"丰宁满族自治县, 承德市, 河北省, 中国",2020:08:01 10:30:55,/Users/lewaylee/Projects/grab-image/source/IMG_2998.jpeg
IMG_2997.jpeg,"丰宁满族自治县, 承德市, 河北省, 中国",2020:08:01 10:27:59,/Users/lewaylee/Projects/grab-image/source/IMG_2997.jpeg
IMG_3128.jpeg,,2020:08:01 10:19:42,/Users/lewaylee/Projects/grab-image/source/IMG_3128.jpeg
IMG_2961.jpeg,"丰宁满族自治县, 承德市, 河北省, 中国",2020:08:01 08:46:39,/Users/lewaylee/Projects/grab-image/source/IMG_2961.jpeg
IMG_2936.jpeg,"丰宁满族自治县, 承德市, 河北省, 中国",2020:08:01 08:46:26,/Users/lewaylee/Projects/grab-image/source/IMG_2936.jpeg
IMG_2919.jpeg,"丰宁满族自治县, 承德市, 河北省, 中国",2020:08:01 08:30:01,/Users/lewaylee/Projects/grab-image/source/IMG_2919.jpeg
IMG_2890.jpeg,"丰宁满族自治县, 承德市, 河北省, 中国",2020:08:01 08:17:04,/Users/lewaylee/Projects/grab-image/source/IMG_2890.jpeg
IMG_2889.jpeg,"丰宁满族自治县, 承德市, 河北省, 中国",2020:08:01 08:17:03,/Users/lewaylee/Projects/grab-image/source/IMG_2889.jpeg
IMG_2885.jpeg,"丰宁满族自治县, 承德市, 河北省, 中国",2020:08:01 08:17:02,/Users/lewaylee/Projects/grab-image/source/IMG_2885.jpeg
IMG_2873.jpeg,"丰宁满族自治县, 承德市, 河北省, 中国",2020:08:01 07:57:50,/Users/lewaylee/Projects/grab-image/source/IMG_2873.jpeg
IMG_2872.jpeg,"丰宁满族自治县, 承德市, 河北省, 中国",2020:08:01 05:36:10,/Users/lewaylee/Projects/grab-image/source/IMG_2872.jpeg
IMG_3125.jpeg,,2020:08:01 03:01:40,/Users/lewaylee/Projects/grab-image/source/IMG_3125.jpeg
IMG_2866.jpeg,"国家统计局, 太平桥西路, 太平桥南里社区, 太平桥村, 丰台区, 100073, 中国",2020:07:31 19:55:39,/Users/lewaylee/Projects/grab-image/source/IMG_2866.jpeg
IMG_2865.jpeg,"国家统计局, 太平桥西路, 太平桥南里社区, 太平桥村, 丰台区, 100073, 中国",2020:07:31 19:53:47,/Users/lewaylee/Projects/grab-image/source/IMG_2865.jpeg
IMG_2853.jpeg,"京良路, 长阳镇, 房山区, 北京市, 102445, 中国",2020:07:30 15:05:22,/Users/lewaylee/Projects/grab-image/source/IMG_2853.jpeg
IMG_2851.jpeg,"京良路, 长阳镇, 房山区, 北京市, 102445, 中国",2020:07:30 15:05:00,/Users/lewaylee/Projects/grab-image/source/IMG_2851.jpeg
IMG_2850.jpeg,"京良路, 长阳镇, 房山区, 北京市, 102445, 中国",2020:07:30 15:04:50,/Users/lewaylee/Projects/grab-image/source/IMG_2850.jpeg
IMG_2849.jpeg,,2020:07:30 12:31:26,/Users/lewaylee/Projects/grab-image/source/IMG_2849.jpeg
IMG_2848.jpeg,,2020:07:30 12:29:29,/Users/lewaylee/Projects/grab-image/source/IMG_2848.jpeg
IMG_3319.jpeg,"京良路, 长阳镇, 房山区, 北京市, 102445, 中国",2020:08:29 08:53:14,/Users/lewaylee/Projects/grab-image/source/IMG_3319.jpeg
IMG_3318.jpeg,"京良路, 长阳镇, 房山区, 北京市, 102445, 中国",2020:08:29 08:53:03,/Users/lewaylee/Projects/grab-image/source/IMG_3318.jpeg
IMG_3271.jpeg,"中国电子大厦B座, 海淀中街, 科源社区, 海淀街道, 海淀区, 100872, 中国",2020:08:27 12:24:10,/Users/lewaylee/Projects/grab-image/source/IMG_3271.jpeg
IMG_3270.jpeg,"连廊, 中关村地下环廊, 中关村购物广场, 海淀街道, 海淀区, 100080, 中国",2020:08:27 12:23:17,/Users/lewaylee/Projects/grab-image/source/IMG_3270.jpeg
IMG_3251.jpeg,,2020:08:23 11:31:31,/Users/lewaylee/Projects/grab-image/source/IMG_3251.jpeg
IMG_3250.jpeg,,2020:08:22 14:57:42,/Users/lewaylee/Projects/grab-image/source/IMG_3250.jpeg
IMG_3247.jpeg,,2020:08:22 12:28:38,/Users/lewaylee/Projects/grab-image/source/IMG_3247.jpeg
IMG_3246.jpeg,"京良路, 长阳镇, 房山区, 北京市, 102445, 中国",2020:08:22 10:40:07,/Users/lewaylee/Projects/grab-image/source/IMG_3246.jpeg
IMG_3239.jpeg,"京良路, 长阳镇, 房山区, 北京市, 102445, 中国",2020:08:19 21:20:36,/Users/lewaylee/Projects/grab-image/source/2022/IMG_3239.jpeg
IMG_3238.jpeg,"京良路, 长阳镇, 房山区, 北京市, 102445, 中国",2020:08:19 21:20:34,/Users/lewaylee/Projects/grab-image/source/2022/IMG_3238.jpeg
IMG_3236.jpeg,"京良路, 长阳镇, 房山区, 北京市, 102445, 中国",2020:08:19 08:57:59,/Users/lewaylee/Projects/grab-image/source/2022/IMG_3236.jpeg
IMG_3235.jpeg,"京良路, 长阳镇, 房山区, 北京市, 102445, 中国",2020:08:19 08:57:47,/Users/lewaylee/Projects/grab-image/source/2022/IMG_3235.jpeg
IMG_3228.jpeg,"京良路, 长阳镇, 房山区, 北京市, 102445, 中国",2020:08:18 09:04:00,/Users/lewaylee/Projects/grab-image/source/2022/IMG_3228.jpeg
IMG_3225.jpeg,"京良路, 长阳镇, 房山区, 北京市, 102445, 中国",2020:08:18 09:03:49,/Users/lewaylee/Projects/grab-image/source/2022/IMG_3225.jpeg
IMG_3224.jpeg,"京良路, 长阳镇, 房山区, 北京市, 102445, 中国",2020:08:18 09:03:46,/Users/lewaylee/Projects/grab-image/source/2022/IMG_3224.jpeg
IMG_3223.jpeg,"京良路, 长阳镇, 房山区, 北京市, 102445, 中国",2020:08:18 09:03:44,/Users/lewaylee/Projects/grab-image/source/2022/IMG_3223.jpeg
IMG_3216.jpeg,"长政南街, 长阳镇, 房山区, 102445, 中国",2020:08:15 14:01:19,/Users/lewaylee/Projects/grab-image/source/2022/IMG_3216.jpeg
IMG_3214.jpeg,"京良路, 长阳镇, 房山区, 北京市, 102445, 中国",2020:08:15 09:55:47,/Users/lewaylee/Projects/grab-image/source/2022/IMG_3214.jpeg
IMG_3213.jpeg,"京良路, 长阳镇, 房山区, 北京市, 102445, 中国",2020:08:15 09:55:44,/Users/lewaylee/Projects/grab-image/source/2022/IMG_3213.jpeg
IMG_3212.jpeg,"京良路, 长阳镇, 房山区, 北京市, 102445, 中国",2020:08:15 09:55:37,/Users/lewaylee/Projects/grab-image/source/2022/IMG_3212.jpeg
IMG_3207.jpeg,"京良路, 长阳镇, 房山区, 北京市, 102445, 中国",2020:08:14 08:28:16,/Users/lewaylee/Projects/grab-image/source/IMG_3207.jpeg
IMG_3206.jpeg,"京良路, 长阳镇, 房山区, 北京市, 102445, 中国",2020:08:14 08:27:06,/Users/lewaylee/Projects/grab-image/source/IMG_3206.jpeg
IMG_3180.jpeg,,2020:08:12 14:43:19,/Users/lewaylee/Projects/grab-image/source/IMG_3180.jpeg
IMG_3162.jpeg,"长营东街, 首开熙悦湾, 长阳镇, 房山区, 102445, 中国",2020:08:11 09:25:55,/Users/lewaylee/Projects/grab-image/source/IMG_3162.jpeg
IMG_3155.jpeg,,2020:08:09 09:18:55,/Users/lewaylee/Projects/grab-image/source/IMG_3155.jpeg
IMG_3154.jpeg,"长政南街, 长阳镇, 房山区, 102445, 中国",2020:08:08 17:08:19,/Users/lewaylee/Projects/grab-image/source/IMG_3154.jpeg
IMG_3153.jpeg,,2020:08:08 13:06:22,/Users/lewaylee/Projects/grab-image/source/IMG_3153.jpeg
IMG_3145.jpeg,,2020:08:05 12:53:33,/Users/lewaylee/Projects/grab-image/source/IMG_3145.jpeg
IMG_3143.jpeg,"连廊, 中关村地下环廊, 中关村购物广场, 海淀街道, 海淀区, 100080, 中国",2020:08:04 15:01:53,/Users/lewaylee/Projects/grab-image/source/IMG_3143.jpeg
IMG_3142.jpeg,"连廊, 中关村地下环廊, 中关村购物广场, 海淀街道, 海淀区, 100080, 中国",2020:08:04 15:01:47,/Users/lewaylee/Projects/grab-image/source/IMG_3142.jpeg
IMG_3139.jpeg,,2020:08:04 14:40:51,/Users/lewaylee/Projects/grab-image/source/IMG_3139.jpeg
IMG_3123.jpeg,,2020:08:03 16:06:11,/Users/lewaylee/Projects/grab-image/source/IMG_3123.jpeg
IMG_3122.jpeg,,2020:08:03 16:06:03,/Users/lewaylee/Projects/grab-image/source/IMG_3122.jpeg
IMG_3119.jpeg,,2020:08:03 16:05:38,/Users/lewaylee/Projects/grab-image/source/IMG_3119.jpeg
IMG_3118.jpeg,,2020:08:03 16:05:24,/Users/lewaylee/Projects/grab-image/source/IMG_3118.jpeg
IMG_3115.jpeg,,2020:08:03 16:04:33,/Users/lewaylee/Projects/grab-image/source/IMG_3115.jpeg
IMG_3103.jpeg,"半虎公路, 丰宁满族自治县, 承德市, 河北省, 中国",2020:08:01 11:18:17,/Users/lewaylee/Projects/grab-image/source/IMG_3103.jpeg
IMG_3057.jpeg,"丰宁满族自治县, 承德市, 河北省, 中国",2020:08:01 10:45:10,/Users/lewaylee/Projects/grab-image/source/IMG_3057.jpeg
IMG_3031.jpeg,"丰宁满族自治县, 承德市, 河北省, 中国",2020:08:01 10:41:40,/Users/lewaylee/Projects/grab-image/source/IMG_3031.jpeg
IMG_3030.jpeg,"丰宁满族自治县, 承德市, 河北省, 中国",2020:08:01 10:41:09,/Users/lewaylee/Projects/grab-image/source/IMG_3030.jpeg
IMG_3114.jpeg,,2020:08:01 10:36:16,/Users/lewaylee/Projects/grab-image/source/IMG_3114.jpeg
IMG_3007.jpeg,"丰宁满族自治县, 承德市, 河北省, 中国",2020:08:01 10:32:04,/Users/lewaylee/Projects/grab-image/source/IMG_3007.jpeg
IMG_3006.jpeg,"丰宁满族自治县, 承德市, 河北省, 中国",2020:08:01 10:31:35,/Users/lewaylee/Projects/grab-image/source/IMG_3006.jpeg
IMG_2925.jpeg,"丰宁满族自治县, 承德市, 河北省, 中国",2020:08:01 08:34:25,/Users/lewaylee/Projects/grab-image/source/IMG_2925.jpeg
IMG_2924.jpeg,"丰宁满族自治县, 承德市, 河北省, 中国",2020:08:01 08:32:32,/Users/lewaylee/Projects/grab-image/source/IMG_2924.jpeg
IMG_2899.jpeg,"丰宁满族自治县, 承德市, 河北省, 中国",2020:08:01 08:19:08,/Users/lewaylee/Projects/grab-image/source/IMG_2899.jpeg
IMG_2898.jpeg,"丰宁满族自治县, 承德市, 河北省, 中国",2020:08:01 08:18:55,/Users/lewaylee/Projects/grab-image/source/IMG_2898.jpeg
IMG_2895.jpeg,"丰宁满族自治县, 承德市, 河北省, 中国",2020:08:01 08:17:54,/Users/lewaylee/Projects/grab-image/source/IMG_2895.jpeg
IMG_2894.jpeg,"丰宁满族自治县, 承德市, 河北省, 中国",2020:08:01 08:17:44,/Users/lewaylee/Projects/grab-image/source/IMG_2894.jpeg
IMG_2883.jpeg,"丰宁满族自治县, 承德市, 河北省, 中国",2020:08:01 08:16:31,/Users/lewaylee/Projects/grab-image/source/IMG_2883.jpeg
IMG_3277.jpeg,"京良路, 长阳镇, 房山区, 北京市, 102445, 中国",2020:08:29 08:24:39,/Users/lewaylee/Projects/grab-image/source/国外/IMG_3277.jpeg
IMG_3276.jpeg,"京良路, 长阳镇, 房山区, 北京市, 102445, 中国",2020:08:28 23:16:38,/Users/lewaylee/Projects/grab-image/source/国外/IMG_3276.jpeg
IMG_3275.jpeg,"京良路, 长阳镇, 房山区, 北京市, 102445, 中国",2020:08:28 23:16:36,/Users/lewaylee/Projects/grab-image/source/国外/IMG_3275.jpeg
IMG_3274.jpeg,"京良路, 长阳镇, 房山区, 北京市, 102445, 中国",2020:08:28 23:16:33,/Users/lewaylee/Projects/grab-image/source/国外/IMG_3274.jpeg
200828_i030024.jpeg,"Cinder Road, Coso, Inyo County, 加利福尼亚州/加利福尼亞州, 美利坚合众国/美利堅合眾國",2020:08:28 16:25:43,/Users/lewaylee/Projects/grab-image/source/国外/200828_i030024.jpeg
200828_i061746.jpeg,"Fossil Falls Trail, Inyo County, 加利福尼亚州/加利福尼亞州, 美利坚合众国/美利堅合眾國",2020:08:28 14:32:35,/Users/lewaylee/Projects/grab-image/source/国外/200828_i061746.jpeg
200828_i061745.jpeg,"Fossil Falls Trail, Inyo County, 加利福尼亚州/加利福尼亞州, 美利坚合众国/美利堅合眾國",2020:08:28 14:32:34,/Users/lewaylee/Projects/grab-image/source/国外/200828_i061745.jpeg
200828_i061744.jpeg,"Fossil Falls Trail, Inyo County, 加利福尼亚州/加利福尼亞州, 美利坚合众国/美利堅合眾國",2020:08:28 14:32:31,/Users/lewaylee/Projects/grab-image/source/国外/200828_i061744.jpeg
200828_i020530.jpeg,"Fossil Falls Trail, Inyo County, 加利福尼亚州/加利福尼亞州, 美利坚合众国/美利堅合眾國",2020:08:28 14:05:34,/Users/lewaylee/Projects/grab-image/source/国外/200828_i020530.jpeg
200828_i020506.jpeg,"Fossil Falls Trail, Inyo County, 加利福尼亚州/加利福尼亞州, 美利坚合众国/美利堅合眾國",2020:08:28 14:00:57,/Users/lewaylee/Projects/grab-image/source/国外/200828_i020506.jpeg
200828_i061696.jpeg,"Fossil Falls Trail, Inyo County, 加利福尼亚州/加利福尼亞州, 美利坚合众国/美利堅合眾國",2020:08:28 13:52:44,/Users/lewaylee/Projects/grab-image/source/国外/200828_i061696.jpeg
IMG_3273.jpeg,"京良路, 长阳镇, 房山区, 北京市, 102445, 中国",2020:08:27 21:34:45,/Users/lewaylee/Projects/grab-image/source/test/IMG_3273.jpeg
200827i061669.jpeg,"Mobius Arch Trailhead, Movie Road, CAL Fire San Bernardino Unit, CAL Fire Southern Region, 加利福尼亚州/加利福尼亞州, 美利坚合众国/美利堅合眾國",2020:08:27 20:05:49,/Users/lewaylee/Projects/grab-image/source/国外/200827i061669.jpeg
200827i061601.jpeg,"Mobius Arch Trailhead, Movie Road, CAL Fire San Bernardino Unit, CAL Fire Southern Region, 加利福尼亚州/加利福尼亞州, 美利坚合众国/美利堅合眾國",2020:08:27 19:27:36,/Users/lewaylee/Projects/grab-image/source/国外/200827i061601.jpeg
200827_i050635.jpeg,"Mobius Arch, Arch Loop Trail, CAL Fire San Bernardino Unit, CAL Fire Southern Region, 加利福尼亚州/加利福尼亞州, 美利坚合众国/美利堅合眾國",2020:08:27 17:01:35,/Users/lewaylee/Projects/grab-image/source/test/subfolder/200827_i050635.jpeg
200827_i050557.jpeg,"Mobius Arch, Arch Loop Trail, CAL Fire San Bernardino Unit, CAL Fire Southern Region, 加利福尼亚州/加利福尼亞州, 美利坚合众国/美利堅合眾國",2020:08:27 16:59:54,/Users/lewaylee/Projects/grab-image/source/test/subfolder/200827_i050557.jpeg
200827i020465.jpeg,"Mobius Arch, Arch Loop Trail, CAL Fire San Bernardino Unit, CAL Fire Southern Region, 加利福尼亚州/加利福尼亞州, 美利坚合众国/美利堅合眾國",2020:08:27 07:50:58,/Users/lewaylee/Projects/grab-image/source/test/subfolder/200827i020465.jpeg
200827i061543.jpeg,"Mobius Arch, Arch Loop Trail, CAL Fire San Bernardino Unit, CAL Fire Southern Region, 加利福尼亚州/加利福尼亞州, 美利坚合众国/美利堅合眾國",2020:08:27 07:10:41,/Users/lewaylee/Projects/grab-image/source/test/subfolder/200827i061543.jpeg
200827i061537.jpeg,"Mobius Arch, Arch Loop Trail, CAL Fire San Bernardino Unit, CAL Fire Southern Region, 加利福尼亚州/加利福尼亞州, 美利坚合众国/美利堅合眾國",2020:08:27 07:08:19,/Users/lewaylee/Projects/grab-image/source/test/200827i061537.jpeg
1_200827_i061509.jpeg,"Mobius Arch, Arch Loop Trail, CAL Fire San Bernardino Unit, CAL Fire Southern Region, 加利福尼亚州/加利福尼亞州, 美利坚合众国/美利堅合眾國",2020:08:27 06:55:51,/Users/lewaylee/Projects/grab-image/source/test/1_200827_i061509.jpeg
200827i061442.jpeg,"Lathe Arch, Arch Loop Trail, CAL Fire San Bernardino Unit, CAL Fire Southern Region, 加利福尼亚州/加利福尼亞州, 美利坚合众国/美利堅合眾國",2020:08:27 06:26:24,/Users/lewaylee/Projects/grab-image/source/test/200827i061442.jpeg
200825i061352.jpeg,"CAL Fire San Bernardino Unit, CAL Fire Southern Region, 加利福尼亚州/加利福尼亞州, 美利坚合众国/美利堅合眾國",2020:08:26 15:18:59,/Users/lewaylee/Projects/grab-image/source/国外/200825i061352.jpeg
200825i061313.jpeg,"Cinder Road, Coso, Inyo County, 加利福尼亚州/加利福尼亞州, 美利坚合众国/美利堅合眾國",2020:08:26 12:22:30,/Users/lewaylee/Projects/grab-image/source/国外/200825i061313.jpeg
200825i061243.jpeg,"Red cliffs trail, Iron Canyon, Kern County, 加利福尼亚州/加利福尼亞州, 美利坚合众国/美利堅合眾國",2020:08:26 09:48:01,/Users/lewaylee/Projects/grab-image/source/国外/200825i061243.jpeg
200825_i011468.jpeg,"Red Cliffs Natural Preserve, Midland Trail, Kern County, 加利福尼亚州/加利福尼亞州, 美利坚合众国/美利堅合眾國",2020:08:26 09:39:34,/Users/lewaylee/Projects/grab-image/source/国外/200825_i011468.jpeg
200825_i011406.jpeg,"Red Cliffs Natural Preserve, Midland Trail, Kern County, 加利福尼亚州/加利福尼亞州, 美利坚合众国/美利堅合眾國",2020:08:26 09:01:35,/Users/lewaylee/Projects/grab-image/source/国外/200825_i011406.jpeg
200825_i011392.jpeg,"Red Cliffs Natural Preserve, Midland Trail, Kern County, 加利福尼亚州/加利福尼亞州, 美利坚合众国/美利堅合眾國",2020:08:26 09:00:06,/Users/lewaylee/Projects/grab-image/source/国外/200825_i011392.jpeg
IMG_3266.jpeg,"京良路, 长阳镇, 房山区, 北京市, 102445, 中国",2020:08:26 08:21:57,/Users/lewaylee/Projects/grab-image/source/国外/IMG_3266.jpeg
IMG_3265.jpeg,,2020:08:25 18:25:34,/Users/lewaylee/Projects/grab-image/source/国外/IMG_3265.jpeg
IMG_3264.jpeg,,2020:08:25 15:30:52,/Users/lewaylee/Projects/grab-image/source/国外/IMG_3264.jpeg
IMG_3263.jpeg,,2020:08:25 15:30:19,/Users/lewaylee/Projects/grab-image/source/国外/IMG_3263.jpeg
IMG_3262.jpeg,,2020:08:25 08:57:30,/Users/lewaylee/Projects/grab-image/source/国外/IMG_3262.jpeg
IMG_3261.jpeg,"中国电子大厦B座, 海淀中街, 科源社区, 海淀街道, 海淀区, 100872, 中国",2020:08:24 10:07:46,/Users/lewaylee/Projects/grab-image/source/国外/IMG_3261.jpeg
IMG_3260.jpeg,"中国电子大厦B座, 海淀中街, 科源社区, 海淀街道, 海淀区, 100872, 中国",2020:08:24 10:07:13,/Users/lewaylee/Projects/grab-image/source/国外/IMG_3260.jpeg
IMG_3259.jpeg,"海淀东三街, 中关村, 海淀街道, 海淀区, 北京市, 100872, 中国",2020:08:24 10:05:16,/Users/lewaylee/Projects/grab-image/source/国外/IMG_3259.jpeg
IMG_3237.jpeg,"京良路, 长阳镇, 房山区, 北京市, 102445, 中国",2020:08:19 09:00:33,/Users/lewaylee/Projects/grab-image/source/2022/IMG_3237.jpeg
IMG_3230.jpeg,"中国人民解放军空军总医院, 阜成路, 八里庄街道, 海淀区, 北京市, 100048, 中国",2020:08:18 16:36:21,/Users/lewaylee/Projects/grab-image/source/2022/IMG_3230.jpeg
IMG_3227.jpeg,"京良路, 长阳镇, 房山区, 北京市, 102445, 中国",2020:08:18 09:03:53,/Users/lewaylee/Projects/grab-image/source/2022/IMG_3227.jpeg
IMG_3226.jpeg,"京良路, 长阳镇, 房山区, 北京市, 102445, 中国",2020:08:18 09:03:51,/Users/lewaylee/Projects/grab-image/source/2022/IMG_3226.jpeg
IMG_3221.jpeg,"长阳, 京良路, 长阳镇, 房山区, 102445, 中国",2020:08:16 15:16:47,/Users/lewaylee/Projects/grab-image/source/2022/IMG_3221.jpeg
IMG_3217.jpeg,"长政南街, 长阳镇, 房山区, 102445, 中国",2020:08:15 14:01:21,/Users/lewaylee/Projects/grab-image/source/2022/IMG_3217.jpeg
IMG_3211.jpeg,"京良路, 长阳镇, 房山区, 北京市, 102445, 中国",2020:08:15 09:55:29,/Users/lewaylee/Projects/grab-image/source/2022/IMG_3211.jpeg
IMG_3210.jpeg,"京良路, 长阳镇, 房山区, 北京市, 102445, 中国",2020:08:15 09:55:26,/Users/lewaylee/Projects/grab-image/source/2022/IMG_3210.jpeg
